[
  {
    "__type__": "cc.SceneAsset",
    "_name": "CocosGame",
    "_objFlags": 0,
    "_rawFiles": null,
    "scene": {
      "__id__": 1
    },
    "asyncLoadAssets": false
  },
  {
    "__type__": "cc.Scene",
    "_objFlags": 0,
    "_parent": null,
    "_children": [
      {
        "__id__": 2
      },
      {
        "__id__": 22
      }
    ],
    "_tag": -1,
    "_active": true,
    "_components": [],
    "_prefab": null,
    "_id": "c0e4e3a0-b011-41b6-82d6-c31f202631fe",
    "_opacity": 255,
    "_color": {
      "__type__": "cc.Color",
      "r": 255,
      "g": 255,
      "b": 255,
      "a": 255
    },
    "_cascadeOpacityEnabled": true,
    "_anchorPoint": {
      "__type__": "cc.Vec2",
      "x": 0,
      "y": 0
    },
    "_contentSize": {
      "__type__": "cc.Size",
      "width": 0,
      "height": 0
    },
    "_localZOrder": 0,
    "_globalZOrder": 0,
    "_opacityModifyRGB": false,
    "groupIndex": 0,
    "autoReleaseAssets": false
  },
  {
    "__type__": "cc.Node",
    "_name": "Canvas",
    "_objFlags": 0,
    "_parent": {
      "__id__": 1
    },
    "_children": [
      {
        "__id__": 3
      },
      {
        "__id__": 6
      },
      {
        "__id__": 9
      },
      {
        "__id__": 12
      },
      {
        "__id__": 15
      },
      {
        "__id__": 18
      }
    ],
    "_tag": -1,
    "_active": true,
    "_components": [
      {
        "__id__": 21
      }
    ],
    "_prefab": null,
    "_id": "42d31QRkvlJrZCxoGpWuPOT",
    "_opacity": 255,
    "_color": {
      "__type__": "cc.Color",
      "r": 255,
      "g": 255,
      "b": 255,
      "a": 255
    },
    "_cascadeOpacityEnabled": true,
    "_anchorPoint": {
      "__type__": "cc.Vec2",
      "x": 0.5,
      "y": 0.5
    },
    "_contentSize": {
      "__type__": "cc.Size",
      "width": 2048,
      "height": 1536
    },
    "_rotationX": 0,
    "_rotationY": 0,
    "_scaleX": 1,
    "_scaleY": 1,
    "_position": {
      "__type__": "cc.Vec2",
      "x": 1024,
      "y": 768
    },
    "_skewX": 0,
    "_skewY": 0,
    "_localZOrder": 0,
    "_globalZOrder": 0,
    "_opacityModifyRGB": false,
    "groupIndex": 0
  },
  {
    "__type__": "cc.Node",
    "_name": "background",
    "_objFlags": 0,
    "_parent": {
      "__id__": 2
    },
    "_children": [],
    "_tag": -1,
    "_active": true,
    "_components": [
      {
        "__id__": 4
      },
      {
        "__id__": 5
      }
    ],
    "_prefab": null,
    "_id": "836efW4uXVOq7TtS9UljwF5",
    "_opacity": 255,
    "_color": {
      "__type__": "cc.Color",
      "r": 255,
      "g": 255,
      "b": 255,
      "a": 255
    },
    "_cascadeOpacityEnabled": true,
    "_anchorPoint": {
      "__type__": "cc.Vec2",
      "x": 0.5,
      "y": 0.5
    },
    "_contentSize": {
      "__type__": "cc.Size",
      "width": 2048,
      "height": 1536
    },
    "_rotationX": 0,
    "_rotationY": 0,
    "_scaleX": 1,
    "_scaleY": 1,
    "_position": {
      "__type__": "cc.Vec2",
      "x": 0,
      "y": 0
    },
    "_skewX": 0,
    "_skewY": 0,
    "_localZOrder": 0,
    "_globalZOrder": 0,
    "_opacityModifyRGB": false,
    "groupIndex": 0
  },
  {
    "__type__": "cc.Sprite",
    "_name": "",
    "_objFlags": 0,
    "node": {
      "__id__": 3
    },
    "_enabled": true,
    "_spriteFrame": {
      "__uuid__": "d6820fe9-3b5c-49c1-a50c-2786b73c13ff"
    },
    "_type": 0,
    "_sizeMode": 0,
    "_fillType": 0,
    "_fillCenter": {
      "__type__": "cc.Vec2",
      "x": 0,
      "y": 0
    },
    "_fillStart": 0,
    "_fillRange": 0,
    "_isTrimmedMode": true,
    "_srcBlendFactor": 770,
    "_dstBlendFactor": 771,
    "_atlas": null
  },
  {
    "__type__": "cc.Widget",
    "_name": "",
    "_objFlags": 0,
    "node": {
      "__id__": 3
    },
    "_enabled": true,
    "isAlignOnce": true,
    "_target": null,
    "_alignFlags": 45,
    "_left": 0,
    "_right": 0,
    "_top": 0,
    "_bottom": 0,
    "_verticalCenter": 0,
    "_horizontalCenter": 0,
    "_isAbsLeft": true,
    "_isAbsRight": true,
    "_isAbsTop": true,
    "_isAbsBottom": true,
    "_isAbsHorizontalCenter": true,
    "_isAbsVerticalCenter": true,
    "_originalWidth": 40,
    "_originalHeight": 36
  },
  {
    "__type__": "cc.Node",
    "_name": "fengling_left",
    "_objFlags": 0,
    "_parent": {
      "__id__": 2
    },
    "_children": [],
    "_tag": -1,
    "_active": true,
    "_components": [
      {
        "__id__": 7
      },
      {
        "__id__": 8
      }
    ],
    "_prefab": null,
    "_id": "42bb8dXhgRFmJ9wWY/2Yi+O",
    "_opacity": 255,
    "_color": {
      "__type__": "cc.Color",
      "r": 255,
      "g": 255,
      "b": 255,
      "a": 255
    },
    "_cascadeOpacityEnabled": true,
    "_anchorPoint": {
      "__type__": "cc.Vec2",
      "x": 0.5,
      "y": 0.5
    },
    "_contentSize": {
      "__type__": "cc.Size",
      "width": 210,
      "height": 210
    },
    "_rotationX": 0,
    "_rotationY": 0,
    "_scaleX": 1,
    "_scaleY": 1,
    "_position": {
      "__type__": "cc.Vec2",
      "x": -919,
      "y": 616
    },
    "_skewX": 0,
    "_skewY": 0,
    "_localZOrder": 0,
    "_globalZOrder": 0,
    "_opacityModifyRGB": false,
    "groupIndex": 0
  },
  {
    "__type__": "cc.Sprite",
    "_name": "",
    "_objFlags": 0,
    "node": {
      "__id__": 6
    },
    "_enabled": true,
    "_spriteFrame": {
      "__uuid__": "72fbc9fe-af43-4c9d-8f10-4791c5227eea"
    },
    "_type": 0,
    "_sizeMode": 1,
    "_fillType": 0,
    "_fillCenter": {
      "__type__": "cc.Vec2",
      "x": 0,
      "y": 0
    },
    "_fillStart": 0,
    "_fillRange": 0,
    "_isTrimmedMode": true,
    "_srcBlendFactor": 770,
    "_dstBlendFactor": 771,
    "_atlas": null
  },
  {
    "__type__": "cc.Widget",
    "_name": "",
    "_objFlags": 0,
    "node": {
      "__id__": 6
    },
    "_enabled": true,
    "isAlignOnce": true,
    "_target": null,
    "_alignFlags": 9,
    "_left": 0,
    "_right": 0,
    "_top": 47,
    "_bottom": 0,
    "_verticalCenter": 0,
    "_horizontalCenter": 0,
    "_isAbsLeft": true,
    "_isAbsRight": true,
    "_isAbsTop": true,
    "_isAbsBottom": true,
    "_isAbsHorizontalCenter": true,
    "_isAbsVerticalCenter": true,
    "_originalWidth": 0,
    "_originalHeight": 0
  },
  {
    "__type__": "cc.Node",
    "_name": "fengling_right",
    "_objFlags": 0,
    "_parent": {
      "__id__": 2
    },
    "_children": [],
    "_tag": -1,
    "_active": true,
    "_components": [
      {
        "__id__": 10
      },
      {
        "__id__": 11
      }
    ],
    "_prefab": null,
    "_id": "d03a49wv9BNmaN0XZG0LQDj",
    "_opacity": 255,
    "_color": {
      "__type__": "cc.Color",
      "r": 255,
      "g": 255,
      "b": 255,
      "a": 255
    },
    "_cascadeOpacityEnabled": true,
    "_anchorPoint": {
      "__type__": "cc.Vec2",
      "x": 0.5,
      "y": 0.5
    },
    "_contentSize": {
      "__type__": "cc.Size",
      "width": 210,
      "height": 210
    },
    "_rotationX": 0,
    "_rotationY": 0,
    "_scaleX": 1,
    "_scaleY": 1,
    "_position": {
      "__type__": "cc.Vec2",
      "x": 919,
      "y": 616
    },
    "_skewX": 0,
    "_skewY": 0,
    "_localZOrder": 0,
    "_globalZOrder": 0,
    "_opacityModifyRGB": false,
    "groupIndex": 0
  },
  {
    "__type__": "cc.Sprite",
    "_name": "",
    "_objFlags": 0,
    "node": {
      "__id__": 9
    },
    "_enabled": true,
    "_spriteFrame": {
      "__uuid__": "8e77875d-5893-4294-9325-26393d912adf"
    },
    "_type": 0,
    "_sizeMode": 1,
    "_fillType": 0,
    "_fillCenter": {
      "__type__": "cc.Vec2",
      "x": 0,
      "y": 0
    },
    "_fillStart": 0,
    "_fillRange": 0,
    "_isTrimmedMode": true,
    "_srcBlendFactor": 770,
    "_dstBlendFactor": 771,
    "_atlas": null
  },
  {
    "__type__": "cc.Widget",
    "_name": "",
    "_objFlags": 0,
    "node": {
      "__id__": 9
    },
    "_enabled": true,
    "isAlignOnce": true,
    "_target": null,
    "_alignFlags": 33,
    "_left": 0,
    "_right": 0,
    "_top": 47,
    "_bottom": 0,
    "_verticalCenter": 0,
    "_horizontalCenter": 0,
    "_isAbsLeft": true,
    "_isAbsRight": true,
    "_isAbsTop": true,
    "_isAbsBottom": true,
    "_isAbsHorizontalCenter": true,
    "_isAbsVerticalCenter": true,
    "_originalWidth": 0,
    "_originalHeight": 0
  },
  {
    "__type__": "cc.Node",
    "_name": "fish_left",
    "_objFlags": 0,
    "_parent": {
      "__id__": 2
    },
    "_children": [],
    "_tag": -1,
    "_active": true,
    "_components": [
      {
        "__id__": 13
      },
      {
        "__id__": 14
      }
    ],
    "_prefab": null,
    "_id": "8a88dGC2nhGQ7qIOrxCAHwY",
    "_opacity": 255,
    "_color": {
      "__type__": "cc.Color",
      "r": 255,
      "g": 255,
      "b": 255,
      "a": 255
    },
    "_cascadeOpacityEnabled": true,
    "_anchorPoint": {
      "__type__": "cc.Vec2",
      "x": 0.5,
      "y": 0.5
    },
    "_contentSize": {
      "__type__": "cc.Size",
      "width": 160,
      "height": 160
    },
    "_rotationX": 0,
    "_rotationY": 0,
    "_scaleX": 1,
    "_scaleY": 1,
    "_position": {
      "__type__": "cc.Vec2",
      "x": -884,
      "y": -688
    },
    "_skewX": 0,
    "_skewY": 0,
    "_localZOrder": 0,
    "_globalZOrder": 0,
    "_opacityModifyRGB": false,
    "groupIndex": 0
  },
  {
    "__type__": "cc.Sprite",
    "_name": "",
    "_objFlags": 0,
    "node": {
      "__id__": 12
    },
    "_enabled": true,
    "_spriteFrame": {
      "__uuid__": "82de341b-449c-45cc-81ee-34a23622c2d0"
    },
    "_type": 0,
    "_sizeMode": 1,
    "_fillType": 0,
    "_fillCenter": {
      "__type__": "cc.Vec2",
      "x": 0,
      "y": 0
    },
    "_fillStart": 0,
    "_fillRange": 0,
    "_isTrimmedMode": true,
    "_srcBlendFactor": 770,
    "_dstBlendFactor": 771,
    "_atlas": null
  },
  {
    "__type__": "cc.Widget",
    "_name": "",
    "_objFlags": 0,
    "node": {
      "__id__": 12
    },
    "_enabled": true,
    "isAlignOnce": true,
    "_target": null,
    "_alignFlags": 12,
    "_left": 60,
    "_right": 0,
    "_top": 0,
    "_bottom": 0,
    "_verticalCenter": 0,
    "_horizontalCenter": 0,
    "_isAbsLeft": true,
    "_isAbsRight": true,
    "_isAbsTop": true,
    "_isAbsBottom": true,
    "_isAbsHorizontalCenter": true,
    "_isAbsVerticalCenter": true,
    "_originalWidth": 0,
    "_originalHeight": 0
  },
  {
    "__type__": "cc.Node",
    "_name": "haidai_left",
    "_objFlags": 0,
    "_parent": {
      "__id__": 2
    },
    "_children": [],
    "_tag": -1,
    "_active": true,
    "_components": [
      {
        "__id__": 16
      },
      {
        "__id__": 17
      }
    ],
    "_prefab": null,
    "_id": "e8373BydLxKibBDz1D6nh/F",
    "_opacity": 255,
    "_color": {
      "__type__": "cc.Color",
      "r": 255,
      "g": 255,
      "b": 255,
      "a": 255
    },
    "_cascadeOpacityEnabled": true,
    "_anchorPoint": {
      "__type__": "cc.Vec2",
      "x": 0.5,
      "y": 0.5
    },
    "_contentSize": {
      "__type__": "cc.Size",
      "width": 204,
      "height": 364
    },
    "_rotationX": 0,
    "_rotationY": 0,
    "_scaleX": 1,
    "_scaleY": 1,
    "_position": {
      "__type__": "cc.Vec2",
      "x": -922,
      "y": -586
    },
    "_skewX": 0,
    "_skewY": 0,
    "_localZOrder": 0,
    "_globalZOrder": 0,
    "_opacityModifyRGB": false,
    "groupIndex": 0
  },
  {
    "__type__": "cc.Sprite",
    "_name": "",
    "_objFlags": 0,
    "node": {
      "__id__": 15
    },
    "_enabled": true,
    "_spriteFrame": {
      "__uuid__": "13df3dc7-42d3-49b9-bd08-9c88c47b261e"
    },
    "_type": 0,
    "_sizeMode": 1,
    "_fillType": 0,
    "_fillCenter": {
      "__type__": "cc.Vec2",
      "x": 0,
      "y": 0
    },
    "_fillStart": 0,
    "_fillRange": 0,
    "_isTrimmedMode": true,
    "_srcBlendFactor": 770,
    "_dstBlendFactor": 771,
    "_atlas": null
  },
  {
    "__type__": "cc.Widget",
    "_name": "",
    "_objFlags": 0,
    "node": {
      "__id__": 15
    },
    "_enabled": true,
    "isAlignOnce": true,
    "_target": null,
    "_alignFlags": 12,
    "_left": 0,
    "_right": 0,
    "_top": 0,
    "_bottom": 0,
    "_verticalCenter": 0,
    "_horizontalCenter": 0,
    "_isAbsLeft": true,
    "_isAbsRight": true,
    "_isAbsTop": true,
    "_isAbsBottom": true,
    "_isAbsHorizontalCenter": true,
    "_isAbsVerticalCenter": true,
    "_originalWidth": 0,
    "_originalHeight": 0
  },
  {
    "__type__": "cc.Node",
    "_name": "haidai_right",
    "_objFlags": 0,
    "_parent": {
      "__id__": 2
    },
    "_children": [],
    "_tag": -1,
    "_active": true,
    "_components": [
      {
        "__id__": 19
      },
      {
        "__id__": 20
      }
    ],
    "_prefab": null,
    "_id": "fabb2GobWhK/L/jTFPuyY7A",
    "_opacity": 255,
    "_color": {
      "__type__": "cc.Color",
      "r": 255,
      "g": 255,
      "b": 255,
      "a": 255
    },
    "_cascadeOpacityEnabled": true,
    "_anchorPoint": {
      "__type__": "cc.Vec2",
      "x": 0.5,
      "y": 0.5
    },
    "_contentSize": {
      "__type__": "cc.Size",
      "width": 238,
      "height": 424
    },
    "_rotationX": 0,
    "_rotationY": 0,
    "_scaleX": 1,
    "_scaleY": 1,
    "_position": {
      "__type__": "cc.Vec2",
      "x": 905,
      "y": -556
    },
    "_skewX": 0,
    "_skewY": 0,
    "_localZOrder": 0,
    "_globalZOrder": 0,
    "_opacityModifyRGB": false,
    "groupIndex": 0
  },
  {
    "__type__": "cc.Sprite",
    "_name": "",
    "_objFlags": 0,
    "node": {
      "__id__": 18
    },
    "_enabled": true,
    "_spriteFrame": {
      "__uuid__": "851b9674-bcb2-404a-b06a-996fb1497bf8"
    },
    "_type": 0,
    "_sizeMode": 1,
    "_fillType": 0,
    "_fillCenter": {
      "__type__": "cc.Vec2",
      "x": 0,
      "y": 0
    },
    "_fillStart": 0,
    "_fillRange": 0,
    "_isTrimmedMode": true,
    "_srcBlendFactor": 770,
    "_dstBlendFactor": 771,
    "_atlas": null
  },
  {
    "__type__": "cc.Widget",
    "_name": "",
    "_objFlags": 0,
    "node": {
      "__id__": 18
    },
    "_enabled": true,
    "isAlignOnce": true,
    "_target": null,
    "_alignFlags": 36,
    "_left": 0,
    "_right": 0,
    "_top": 0,
    "_bottom": 0,
    "_verticalCenter": 0,
    "_horizontalCenter": 0,
    "_isAbsLeft": true,
    "_isAbsRight": true,
    "_isAbsTop": true,
    "_isAbsBottom": true,
    "_isAbsHorizontalCenter": true,
    "_isAbsVerticalCenter": true,
    "_originalWidth": 0,
    "_originalHeight": 0
  },
  {
    "__type__": "cc.Canvas",
    "_name": "",
    "_objFlags": 0,
    "node": {
      "__id__": 2
    },
    "_enabled": true,
    "_designResolution": {
      "__type__": "cc.Size",
      "width": 2048,
      "height": 1536
    },
    "_fitWidth": true,
    "_fitHeight": true
  },
  {
    "__type__": "cc.Node",
    "_name": "Content",
    "_objFlags": 0,
    "_parent": {
      "__id__": 1
    },
    "_children": [
      {
        "__id__": 23
      },
      {
        "__id__": 31
      },
      {
        "__id__": 34
      },
      {
        "__id__": 37
      },
      {
        "__id__": 40
      },
      {
        "__id__": 42
      }
    ],
    "_tag": -1,
    "_active": true,
    "_components": [
      {
        "__id__": 48
      },
      {
        "__id__": 49
      },
      {
        "__id__": 50
      },
      {
        "__id__": 51
      }
    ],
    "_prefab": null,
    "_id": "f0296ASX2FL/6SRcpElEYh+",
    "_opacity": 255,
    "_color": {
      "__type__": "cc.Color",
      "r": 255,
      "g": 255,
      "b": 255,
      "a": 255
    },
    "_cascadeOpacityEnabled": true,
    "_anchorPoint": {
      "__type__": "cc.Vec2",
      "x": 0.5,
      "y": 0.5
    },
    "_contentSize": {
      "__type__": "cc.Size",
      "width": 2048,
      "height": 1536
    },
    "_rotationX": 0,
    "_rotationY": 0,
    "_scaleX": 1,
    "_scaleY": 1,
    "_position": {
      "__type__": "cc.Vec2",
      "x": 1024,
      "y": 768
    },
    "_skewX": 0,
    "_skewY": 0,
    "_localZOrder": 0,
    "_globalZOrder": 0,
    "_opacityModifyRGB": false,
    "groupIndex": 0
  },
  {
    "__type__": "cc.Node",
    "_name": "time_node",
    "_objFlags": 0,
    "_parent": {
      "__id__": 22
    },
    "_children": [
      {
        "__id__": 24
      },
      {
        "__id__": 26
      }
    ],
    "_tag": -1,
    "_active": true,
    "_components": [
      {
        "__id__": 29
      },
      {
        "__id__": 30
      }
    ],
    "_prefab": null,
    "_id": "7888cZ7UpxJW7PInadCOpUp",
    "_opacity": 255,
    "_color": {
      "__type__": "cc.Color",
      "r": 255,
      "g": 255,
      "b": 255,
      "a": 255
    },
    "_cascadeOpacityEnabled": true,
    "_anchorPoint": {
      "__type__": "cc.Vec2",
      "x": 0.5,
      "y": 0.5
    },
    "_contentSize": {
      "__type__": "cc.Size",
      "width": 335.2,
      "height": 0
    },
    "_rotationX": 0,
    "_rotationY": 0,
    "_scaleX": 1,
    "_scaleY": 1,
    "_position": {
      "__type__": "cc.Vec2",
      "x": 796.4,
      "y": 573
    },
    "_skewX": 0,
    "_skewY": 0,
    "_localZOrder": 0,
    "_globalZOrder": 0,
    "_opacityModifyRGB": false,
    "groupIndex": 0
  },
  {
    "__type__": "cc.Node",
    "_name": "icon",
    "_objFlags": 0,
    "_parent": {
      "__id__": 23
    },
    "_children": [],
    "_tag": -1,
    "_active": true,
    "_components": [
      {
        "__id__": 25
      }
    ],
    "_prefab": null,
    "_id": "fe7ab87bO1OZYL8hmVxPd9G",
    "_opacity": 255,
    "_color": {
      "__type__": "cc.Color",
      "r": 255,
      "g": 255,
      "b": 255,
      "a": 255
    },
    "_cascadeOpacityEnabled": true,
    "_anchorPoint": {
      "__type__": "cc.Vec2",
      "x": 0.5,
      "y": 0.5
    },
    "_contentSize": {
      "__type__": "cc.Size",
      "width": 90,
      "height": 90
    },
    "_rotationX": 0,
    "_rotationY": 0,
    "_scaleX": 1,
    "_scaleY": 1,
    "_position": {
      "__type__": "cc.Vec2",
      "x": -122.6,
      "y": 0
    },
    "_skewX": 0,
    "_skewY": 0,
    "_localZOrder": 0,
    "_globalZOrder": 0,
    "_opacityModifyRGB": false,
    "groupIndex": 0
  },
  {
    "__type__": "cc.Sprite",
    "_name": "",
    "_objFlags": 0,
    "node": {
      "__id__": 24
    },
    "_enabled": true,
    "_spriteFrame": {
      "__uuid__": "1b8c9802-b8a8-494b-bacc-b0e8f3963164"
    },
    "_type": 0,
    "_sizeMode": 1,
    "_fillType": 0,
    "_fillCenter": {
      "__type__": "cc.Vec2",
      "x": 0,
      "y": 0
    },
    "_fillStart": 0,
    "_fillRange": 0,
    "_isTrimmedMode": true,
    "_srcBlendFactor": 770,
    "_dstBlendFactor": 771,
    "_atlas": null
  },
  {
    "__type__": "cc.Node",
    "_name": "timeLabel",
    "_objFlags": 0,
    "_parent": {
      "__id__": 23
    },
    "_children": [],
    "_tag": -1,
    "_active": true,
    "_components": [
      {
        "__id__": 27
      },
      {
        "__id__": 28
      }
    ],
    "_prefab": null,
    "_id": "dca9cZhu5RNmLstSu+EVl3b",
    "_opacity": 255,
    "_color": {
      "__type__": "cc.Color",
      "r": 255,
      "g": 222,
      "b": 0,
      "a": 255
    },
    "_cascadeOpacityEnabled": true,
    "_anchorPoint": {
      "__type__": "cc.Vec2",
      "x": 0.5,
      "y": 0.5
    },
    "_contentSize": {
      "__type__": "cc.Size",
      "width": 196.78,
      "height": 82
    },
    "_rotationX": 0,
    "_rotationY": 0,
    "_scaleX": 1,
    "_scaleY": 1,
    "_position": {
      "__type__": "cc.Vec2",
      "x": 50.790000000000006,
      "y": 0
    },
    "_skewX": 0,
    "_skewY": 0,
    "_localZOrder": 0,
    "_globalZOrder": 0,
    "_opacityModifyRGB": false,
    "groupIndex": 0
  },
  {
    "__type__": "cc.Label",
    "_name": "",
    "_objFlags": 0,
    "node": {
      "__id__": 26
    },
    "_enabled": true,
    "_useOriginalSize": false,
    "_actualFontSize": 82,
    "_fontSize": 82,
    "_lineHeight": 82,
    "_enableWrapText": true,
    "_N$file": null,
    "_isSystemFontUsed": true,
    "_spacingX": 0,
    "_N$string": "00:20",
    "_N$horizontalAlign": 1,
    "_N$verticalAlign": 1,
    "_N$fontFamily": "FZY4JW--GB1-0",
    "_N$overflow": 0
  },
  {
    "__type__": "cc.LabelOutline",
    "_name": "",
    "_objFlags": 0,
    "node": {
      "__id__": 26
    },
    "_enabled": true,
    "_color": {
      "__type__": "cc.Color",
      "r": 11,
      "g": 43,
      "b": 61,
      "a": 255
    },
    "_width": 5
  },
  {
    "__type__": "cc.Layout",
    "_name": "",
    "_objFlags": 0,
    "node": {
      "__id__": 23
    },
    "_enabled": true,
    "_layoutSize": {
      "__type__": "cc.Size",
      "width": 335.2,
      "height": 0
    },
    "_resize": 0,
    "_N$layoutType": 1,
    "_N$padding": 0,
    "_N$cellSize": {
      "__type__": "cc.Size",
      "width": 40,
      "height": 40
    },
    "_N$startAxis": 0,
    "_N$paddingLeft": 0,
    "_N$paddingRight": 0,
    "_N$paddingTop": 0,
    "_N$paddingBottom": 0,
    "_N$spacingX": 30,
    "_N$spacingY": 0,
    "_N$verticalDirection": 1,
    "_N$horizontalDirection": 0
  },
  {
    "__type__": "cc.Widget",
    "_name": "",
    "_objFlags": 0,
    "node": {
      "__id__": 23
    },
    "_enabled": true,
    "isAlignOnce": true,
    "_target": null,
    "_alignFlags": 33,
    "_left": 0,
    "_right": 60,
    "_top": 195,
    "_bottom": 0,
    "_verticalCenter": 0,
    "_horizontalCenter": 0,
    "_isAbsLeft": true,
    "_isAbsRight": true,
    "_isAbsTop": true,
    "_isAbsBottom": true,
    "_isAbsHorizontalCenter": true,
    "_isAbsVerticalCenter": true,
    "_originalWidth": 0,
    "_originalHeight": 0
  },
  {
    "__type__": "cc.Node",
    "_name": "question_title",
    "_objFlags": 0,
    "_parent": {
      "__id__": 22
    },
    "_children": [],
    "_tag": -1,
    "_active": true,
    "_components": [
      {
        "__id__": 32
      },
      {
        "__id__": 33
      }
    ],
    "_prefab": null,
    "_id": "6d95621a1FJ3rkFo0LKbWfF",
    "_opacity": 255,
    "_color": {
      "__type__": "cc.Color",
      "r": 255,
      "g": 255,
      "b": 255,
      "a": 255
    },
    "_cascadeOpacityEnabled": true,
    "_anchorPoint": {
      "__type__": "cc.Vec2",
      "x": 0.5,
      "y": 0.5
    },
    "_contentSize": {
      "__type__": "cc.Size",
      "width": 980,
      "height": 70
    },
    "_rotationX": 0,
    "_rotationY": 0,
    "_scaleX": 1,
    "_scaleY": 1,
    "_position": {
      "__type__": "cc.Vec2",
      "x": 0,
      "y": 455
    },
    "_skewX": 0,
    "_skewY": 0,
    "_localZOrder": 0,
    "_globalZOrder": 0,
    "_opacityModifyRGB": false,
    "groupIndex": 0
  },
  {
    "__type__": "cc.Label",
    "_name": "",
    "_objFlags": 0,
    "node": {
      "__id__": 31
    },
    "_enabled": true,
    "_useOriginalSize": false,
    "_actualFontSize": 70,
    "_fontSize": 70,
    "_lineHeight": 70,
    "_enableWrapText": true,
    "_N$file": null,
    "_isSystemFontUsed": true,
    "_spacingX": 0,
    "_N$string": "快来给小乌龟的气球找到编号吧",
    "_N$horizontalAlign": 1,
    "_N$verticalAlign": 1,
    "_N$fontFamily": "FZY4JW--GB1-0",
    "_N$overflow": 0
  },
  {
    "__type__": "cc.Widget",
    "_name": "",
    "_objFlags": 0,
    "node": {
      "__id__": 31
    },
    "_enabled": true,
    "isAlignOnce": true,
    "_target": null,
    "_alignFlags": 1,
    "_left": 0,
    "_right": 0,
    "_top": 278,
    "_bottom": 0,
    "_verticalCenter": 0,
    "_horizontalCenter": 0,
    "_isAbsLeft": true,
    "_isAbsRight": true,
    "_isAbsTop": true,
    "_isAbsBottom": true,
    "_isAbsHorizontalCenter": true,
    "_isAbsVerticalCenter": true,
    "_originalWidth": 0,
    "_originalHeight": 0
  },
  {
    "__type__": "cc.Node",
    "_name": "question_node",
    "_objFlags": 0,
    "_parent": {
      "__id__": 22
    },
    "_children": [],
    "_tag": -1,
    "_active": true,
    "_components": [
      {
        "__id__": 35
      },
      {
        "__id__": 36
      }
    ],
    "_prefab": null,
    "_id": "b96ffMYCp9M8otPpd0qPYkp",
    "_opacity": 255,
    "_color": {
      "__type__": "cc.Color",
      "r": 255,
      "g": 255,
      "b": 255,
      "a": 255
    },
    "_cascadeOpacityEnabled": true,
    "_anchorPoint": {
      "__type__": "cc.Vec2",
      "x": 0.5,
      "y": 0.5
    },
    "_contentSize": {
      "__type__": "cc.Size",
      "width": 0,
      "height": 631
    },
    "_rotationX": 0,
    "_rotationY": 0,
    "_scaleX": 1,
    "_scaleY": 1,
    "_position": {
      "__type__": "cc.Vec2",
      "x": 0,
      "y": -218.5
    },
    "_skewX": 0,
    "_skewY": 0,
    "_localZOrder": 0,
    "_globalZOrder": 0,
    "_opacityModifyRGB": false,
    "groupIndex": 0
  },
  {
    "__type__": "cc.Widget",
    "_name": "",
    "_objFlags": 0,
    "node": {
      "__id__": 34
    },
    "_enabled": true,
    "isAlignOnce": true,
    "_target": null,
    "_alignFlags": 4,
    "_left": 1024,
    "_right": 0,
    "_top": 300,
    "_bottom": 234,
    "_verticalCenter": 0,
    "_horizontalCenter": 0,
    "_isAbsLeft": true,
    "_isAbsRight": true,
    "_isAbsTop": true,
    "_isAbsBottom": true,
    "_isAbsHorizontalCenter": true,
    "_isAbsVerticalCenter": true,
    "_originalWidth": 0,
    "_originalHeight": 0
  },
  {
    "__type__": "cc.Layout",
    "_name": "",
    "_objFlags": 0,
    "node": {
      "__id__": 34
    },
    "_enabled": true,
    "_layoutSize": {
      "__type__": "cc.Size",
      "width": 300,
      "height": 200
    },
    "_resize": 1,
    "_N$layoutType": 1,
    "_N$padding": 0,
    "_N$cellSize": {
      "__type__": "cc.Size",
      "width": 40,
      "height": 40
    },
    "_N$startAxis": 0,
    "_N$paddingLeft": 0,
    "_N$paddingRight": 0,
    "_N$paddingTop": 0,
    "_N$paddingBottom": 0,
    "_N$spacingX": 35,
    "_N$spacingY": 0,
    "_N$verticalDirection": 1,
    "_N$horizontalDirection": 0
  },
  {
    "__type__": "cc.Node",
    "_name": "option_node",
    "_objFlags": 0,
    "_parent": {
      "__id__": 22
    },
    "_children": [],
    "_tag": -1,
    "_active": true,
    "_components": [
      {
        "__id__": 38
      },
      {
        "__id__": 39
      }
    ],
    "_prefab": null,
    "_id": "0bcc8iUsjlJ7KCiCzunTKEb",
    "_opacity": 255,
    "_color": {
      "__type__": "cc.Color",
      "r": 255,
      "g": 255,
      "b": 255,
      "a": 255
    },
    "_cascadeOpacityEnabled": true,
    "_anchorPoint": {
      "__type__": "cc.Vec2",
      "x": 0.5,
      "y": 0.5
    },
    "_contentSize": {
      "__type__": "cc.Size",
      "width": 290,
      "height": 164
    },
    "_rotationX": 0,
    "_rotationY": 0,
    "_scaleX": 1,
    "_scaleY": 1,
    "_position": {
      "__type__": "cc.Vec2",
      "x": 0,
      "y": -686
    },
    "_skewX": 0,
    "_skewY": 0,
    "_localZOrder": 0,
    "_globalZOrder": 0,
    "_opacityModifyRGB": false,
    "groupIndex": 0
  },
  {
    "__type__": "cc.Layout",
    "_name": "",
    "_objFlags": 0,
    "node": {
      "__id__": 37
    },
    "_enabled": true,
    "_layoutSize": {
      "__type__": "cc.Size",
      "width": 290,
      "height": 164
    },
    "_resize": 1,
    "_N$layoutType": 1,
    "_N$padding": 0,
    "_N$cellSize": {
      "__type__": "cc.Size",
      "width": 40,
      "height": 40
    },
    "_N$startAxis": 0,
    "_N$paddingLeft": 0,
    "_N$paddingRight": 0,
    "_N$paddingTop": 0,
    "_N$paddingBottom": 0,
    "_N$spacingX": 12,
    "_N$spacingY": 0,
    "_N$verticalDirection": 1,
    "_N$horizontalDirection": 0
  },
  {
    "__type__": "cc.Widget",
    "_name": "",
    "_objFlags": 0,
    "node": {
      "__id__": 37
    },
    "_enabled": true,
    "isAlignOnce": true,
    "_target": null,
    "_alignFlags": 4,
    "_left": 0,
    "_right": 0,
    "_top": 0,
    "_bottom": 0,
    "_verticalCenter": 0,
    "_horizontalCenter": 0,
    "_isAbsLeft": true,
    "_isAbsRight": true,
    "_isAbsTop": true,
    "_isAbsBottom": true,
    "_isAbsHorizontalCenter": true,
    "_isAbsVerticalCenter": true,
    "_originalWidth": 0,
    "_originalHeight": 0
  },
  {
    "__type__": "cc.Node",
    "_name": "paopao_node",
    "_objFlags": 0,
    "_parent": {
      "__id__": 22
    },
    "_children": [],
    "_tag": -1,
    "_active": true,
    "_components": [
      {
        "__id__": 41
      }
    ],
    "_prefab": null,
    "_id": "187cbsw2AlHSZisDlHUBzu5",
    "_opacity": 255,
    "_color": {
      "__type__": "cc.Color",
      "r": 255,
      "g": 255,
      "b": 255,
      "a": 255
    },
    "_cascadeOpacityEnabled": true,
    "_anchorPoint": {
      "__type__": "cc.Vec2",
      "x": 0.5,
      "y": 0.5
    },
    "_contentSize": {
      "__type__": "cc.Size",
      "width": 0,
      "height": 0
    },
    "_rotationX": 0,
    "_rotationY": 0,
    "_scaleX": 1,
    "_scaleY": 1,
    "_position": {
      "__type__": "cc.Vec2",
      "x": -1024,
      "y": -768
    },
    "_skewX": 0,
    "_skewY": 0,
    "_localZOrder": 0,
    "_globalZOrder": 0,
    "_opacityModifyRGB": false,
    "groupIndex": 0
  },
  {
    "__type__": "cc.Widget",
    "_name": "",
    "_objFlags": 0,
    "node": {
      "__id__": 40
    },
    "_enabled": true,
    "isAlignOnce": true,
    "_target": null,
    "_alignFlags": 12,
    "_left": 0,
    "_right": 0,
    "_top": 0,
    "_bottom": 0,
    "_verticalCenter": 0,
    "_horizontalCenter": 0,
    "_isAbsLeft": true,
    "_isAbsRight": true,
    "_isAbsTop": true,
    "_isAbsBottom": true,
    "_isAbsHorizontalCenter": true,
    "_isAbsVerticalCenter": true,
    "_originalWidth": 0,
    "_originalHeight": 0
  },
  {
    "__type__": "cc.Node",
    "_name": "feedback_node",
    "_objFlags": 0,
    "_parent": {
      "__id__": 22
    },
    "_children": [
      {
        "__id__": 43
      }
    ],
    "_tag": -1,
    "_active": true,
    "_components": [
      {
        "__id__": 47
      }
    ],
    "_prefab": null,
    "_id": "73f4865sgpNspShRNsdNFst",
    "_opacity": 255,
    "_color": {
      "__type__": "cc.Color",
      "r": 255,
      "g": 255,
      "b": 255,
      "a": 255
    },
    "_cascadeOpacityEnabled": true,
    "_anchorPoint": {
      "__type__": "cc.Vec2",
      "x": 0.5,
      "y": 0.5
    },
    "_contentSize": {
      "__type__": "cc.Size",
      "width": 0,
      "height": 0
    },
    "_rotationX": 0,
    "_rotationY": 0,
    "_scaleX": 1,
    "_scaleY": 1,
    "_position": {
      "__type__": "cc.Vec2",
      "x": 0,
      "y": 0
    },
    "_skewX": 0,
    "_skewY": 0,
    "_localZOrder": 0,
    "_globalZOrder": 0,
    "_opacityModifyRGB": false,
    "groupIndex": 0
  },
  {
    "__type__": "cc.Node",
    "_name": "loseTime",
    "_objFlags": 0,
    "_parent": {
      "__id__": 42
    },
    "_children": [],
    "_tag": -1,
    "_active": true,
    "_components": [
      {
        "__id__": 44
      },
      {
        "__id__": 45
      },
      {
        "__id__": 46
      }
    ],
    "_prefab": null,
    "_id": "fc6a4pgfYxPwL59vP4F1RCk",
    "_opacity": 0,
    "_color": {
      "__type__": "cc.Color",
      "r": 255,
      "g": 222,
      "b": 0,
      "a": 255
    },
    "_cascadeOpacityEnabled": true,
    "_anchorPoint": {
      "__type__": "cc.Vec2",
      "x": 0.5,
      "y": 0.5
    },
    "_contentSize": {
      "__type__": "cc.Size",
      "width": 367.59,
      "height": 82
    },
    "_rotationX": 0,
    "_rotationY": 0,
    "_scaleX": 1,
    "_scaleY": 1,
    "_position": {
      "__type__": "cc.Vec2",
      "x": 0,
      "y": 0
    },
    "_skewX": 0,
    "_skewY": 0,
    "_localZOrder": 0,
    "_globalZOrder": 0,
    "_opacityModifyRGB": false,
    "groupIndex": 0
  },
  {
    "__type__": "cc.Label",
    "_name": "",
    "_objFlags": 0,
    "node": {
      "__id__": 43
    },
    "_enabled": true,
    "_useOriginalSize": false,
    "_actualFontSize": 82,
    "_fontSize": 82,
    "_lineHeight": 82,
    "_enableWrapText": true,
    "_N$file": null,
    "_isSystemFontUsed": true,
    "_spacingX": 0,
    "_N$string": "时间: -3秒",
    "_N$horizontalAlign": 1,
    "_N$verticalAlign": 1,
    "_N$fontFamily": "FZY4JW--GB1-0",
    "_N$overflow": 0
  },
  {
    "__type__": "cc.LabelOutline",
    "_name": "",
    "_objFlags": 0,
    "node": {
      "__id__": 43
    },
    "_enabled": true,
    "_color": {
      "__type__": "cc.Color",
      "r": 11,
      "g": 43,
      "b": 61,
      "a": 255
    },
    "_width": 5
  },
  {
    "__type__": "cc.Widget",
    "_name": "",
    "_objFlags": 0,
    "node": {
      "__id__": 43
    },
    "_enabled": true,
    "isAlignOnce": true,
    "_target": null,
    "_alignFlags": 18,
    "_left": 0,
    "_right": 0,
    "_top": 0,
    "_bottom": 0,
    "_verticalCenter": 0,
    "_horizontalCenter": 0,
    "_isAbsLeft": true,
    "_isAbsRight": true,
    "_isAbsTop": true,
    "_isAbsBottom": true,
    "_isAbsHorizontalCenter": true,
    "_isAbsVerticalCenter": true,
    "_originalWidth": 0,
    "_originalHeight": 0
  },
  {
    "__type__": "cc.Widget",
    "_name": "",
    "_objFlags": 0,
    "node": {
      "__id__": 42
    },
    "_enabled": true,
    "isAlignOnce": true,
    "_target": null,
    "_alignFlags": 18,
    "_left": 0,
    "_right": 0,
    "_top": 0,
    "_bottom": 0,
    "_verticalCenter": 0,
    "_horizontalCenter": 0,
    "_isAbsLeft": true,
    "_isAbsRight": true,
    "_isAbsTop": true,
    "_isAbsBottom": true,
    "_isAbsHorizontalCenter": true,
    "_isAbsVerticalCenter": true,
    "_originalWidth": 0,
    "_originalHeight": 0
  },
  {
    "__type__": "cc.Widget",
    "_name": "",
    "_objFlags": 0,
    "node": {
      "__id__": 22
    },
    "_enabled": true,
    "isAlignOnce": true,
    "_target": null,
    "_alignFlags": 45,
    "_left": 0,
    "_right": 0,
    "_top": 0,
    "_bottom": 0,
    "_verticalCenter": 0,
    "_horizontalCenter": 0,
    "_isAbsLeft": true,
    "_isAbsRight": true,
    "_isAbsTop": true,
    "_isAbsBottom": true,
    "_isAbsHorizontalCenter": true,
    "_isAbsVerticalCenter": true,
    "_originalWidth": 0,
    "_originalHeight": 0
  },
  {
    "__type__": "d92c8sRpIBMBKs/RzLIjTLN",
    "_name": "",
    "_objFlags": 0,
    "node": {
      "__id__": 22
    },
    "_enabled": true,
    "timeLabel": {
      "__id__": 27
    },
    "paopao_node": {
      "__id__": 40
    },
    "paopao_pref": {
      "__uuid__": "9516c096-f663-4f1c-a907-172c958eb442"
    },
    "feedback_node": {
      "__id__": 42
    },
    "feedback_pref": {
      "__uuid__": "e1c8cc6a-c403-42e9-b4ea-6499a5211e26"
    },
    "loseTime_node": {
      "__id__": 43
    },
    "loseTime": 3,
    "questionTitle": {
      "__id__": 32
    },
    "option_node": {
      "__id__": 37
    },
    "option_node_pref": {
      "__uuid__": "519ce308-3f50-4697-8c58-db4af3b4a325"
    },
    "question_node": {
      "__id__": 34
    },
    "question_node_pref_z": {
      "__uuid__": "c81d1cfb-52a8-485b-a5fb-7b6bd8c420fa"
    },
    "question_node_pref_n": {
      "__uuid__": "a4a75876-0878-4bcb-a4a3-b10f05b84b67"
    }
  },
  {
    "__type__": "cd804MyCfRHi4BLiy+Orkth",
    "_name": "",
    "_objFlags": 0,
    "node": {
      "__id__": 22
    },
    "_enabled": false
  },
  {
    "__type__": "8febaBdc6ZNMK6NnHe3UpZb",
    "_name": "",
    "_objFlags": 0,
    "node": {
      "__id__": 22
    },
    "_enabled": false
  }
]