{
  "e7211df2-407e-4fd3-b1f6-cbab5f740e9a": {
    "asset": 1497501461000,
    "meta": 1498026559000,
    "relativePath": "atlas"
  },
  "33f409e4-0195-49da-ab43-9676438fe0c9": {
    "asset": 1500360789000,
    "meta": 1500360846000,
    "relativePath": "components/Xingxing/xingxing"
  },
  "b6852164-964b-44fa-afeb-c645121d7fdb": {
    "asset": 1497501482000,
    "meta": 1498026559000,
    "relativePath": "clips"
  },
  "e82e7e36-e842-4b9e-a020-8b5d43b89dcb": {
    "asset": 1500360789000,
    "meta": 1500360846000,
    "relativePath": "components/Feedback"
  },
  "4603f29a-0943-4a68-9dcb-6d5598e71034": {
    "asset": 1500360789000,
    "meta": 1500360846000,
    "relativePath": "components/Feedback/Anims"
  },
  "42d950d8-e3c1-42a1-ae1f-a6de6a8d0ec3": {
    "asset": 1497355868000,
    "meta": 1497359935000,
    "relativePath": "components/Feedback/Anims/Feedback_1.anim"
  },
  "2e18d02b-3c26-4803-9da2-2320954f4e6d": {
    "asset": 1497355868000,
    "meta": 1497359935000,
    "relativePath": "components/Feedback/Anims/Feedback_2.anim"
  },
  "1c06418a-1ea2-4aab-bbed-57a359c04c1d": {
    "asset": 1497355868000,
    "meta": 1497359935000,
    "relativePath": "components/Feedback/Anims/Feedback_3.anim"
  },
  "e1c8cc6a-c403-42e9-b4ea-6499a5211e26": {
    "asset": 1497497787000,
    "meta": 1497497787000,
    "relativePath": "components/Feedback/feedback_node.prefab"
  },
  "38612095-c73f-4eab-a313-d4d586f12e98": {
    "asset": 1500360789000,
    "meta": 1500360846000,
    "relativePath": "components/Feedback/longxia"
  },
  "1cc9d29e-5be4-444b-a55d-9aefc743d756": {
    "asset": 1500360789000,
    "meta": 1500360846000,
    "relativePath": "components/Feedback/textures"
  },
  "79b81814-f775-459c-9634-65b5174b47c8": {
    "asset": 1500360789000,
    "meta": 1500360846000,
    "relativePath": "components/Paopao"
  },
  "9516c096-f663-4f1c-a907-172c958eb442": {
    "asset": 1497355529000,
    "meta": 1497359935000,
    "relativePath": "components/Paopao/paopao.prefab"
  },
  "64af77ea-a3e2-47d7-b688-4f1dbad85862": {
    "asset": 1497355529000,
    "meta": 1497359935000,
    "relativePath": "components/Paopao/PaoPaoJS.js"
  },
  "54aaafb9-2a0c-48db-aa25-ef3a81f8befb": {
    "asset": 1500541870000,
    "meta": 1500545885000,
    "relativePath": "prefabs"
  },
  "7c6e8eea-75a5-49c8-b5fa-08c66c0275ca": {
    "asset": 1497359934000,
    "meta": 1497359935000,
    "relativePath": "components/Xingxing/xingxing.prefab"
  },
  "cd1ec6e0-e5e2-4d93-8f63-fc785bfcb7e4": {
    "asset": 1500528849000,
    "meta": 1500545885000,
    "relativePath": "resources"
  },
  "aac537d9-ab9e-48ec-ac02-c0cc4abf54bf": {
    "asset": 1500534478000,
    "meta": 1500545885000,
    "relativePath": "scripts"
  },
  "ea220563-693b-4668-b433-cae77982c61c": {
    "asset": 1497359934000,
    "meta": 1497359937000,
    "relativePath": "components/Xingxing/XingxingJS.js"
  },
  "5f2e94ee-4b52-4210-8206-f792d547c69c": {
    "asset": 1500529059000,
    "meta": 1500545885000,
    "relativePath": "textures"
  },
  "c0e4e3a0-b011-41b6-82d6-c31f202631fe": {
    "asset": 1500625314000,
    "meta": 1500625314000,
    "relativePath": "CocosGame.fire"
  },
  "869fe65b-8f47-42ba-bce6-f5c993787f4e": {
    "asset": 1497363521000,
    "meta": 1497363542000,
    "relativePath": "components/Xingxing/xingxing/xingxing_1.png"
  },
  "29937a32-6193-40e7-9ab4-fbe5e0a2e0c6": {
    "asset": 1497363521000,
    "meta": 1497363542000,
    "relativePath": "components/Xingxing/xingxing/xingxing_2.png"
  },
  "c760c5d4-940d-4a8f-a0ad-0f5630387ae2": {
    "asset": 1497363521000,
    "meta": 1497363542000,
    "relativePath": "components/Xingxing/xingxing/xingxing_4.png"
  },
  "ec6c41b3-d988-49c1-a8c3-5e5e9ec1e92b": {
    "asset": 1497363521000,
    "meta": 1497363542000,
    "relativePath": "components/Xingxing/xingxing/xingxing_3.png"
  },
  "8a7f76cf-1399-419b-aa20-66a480808567": {
    "asset": 1497363521000,
    "meta": 1497363542000,
    "relativePath": "components/Xingxing/xingxing/xingxing_5.png"
  },
  "19ece0d1-86e3-4ddf-857c-fd1aa32e00e5": {
    "asset": 1497363521000,
    "meta": 1497363542000,
    "relativePath": "components/Xingxing/xingxing/xingxing_6.png"
  },
  "c6151d1a-c146-4639-9068-6ab516dcd214": {
    "asset": 1497363522000,
    "meta": 1497363542000,
    "relativePath": "components/Feedback/longxia/dacuole-1.png"
  },
  "87c6fa61-a481-4b0f-9083-de14cdc6a96b": {
    "asset": 1497363522000,
    "meta": 1497363542000,
    "relativePath": "components/Feedback/longxia/dacuole-2.png"
  },
  "0eefa5d1-5928-40a4-8e89-077c23088567": {
    "asset": 1497363523000,
    "meta": 1497363542000,
    "relativePath": "components/Feedback/longxia/daduile-1.png"
  },
  "9faeba47-b295-4806-8120-badc591081f0": {
    "asset": 1497363523000,
    "meta": 1497363542000,
    "relativePath": "components/Feedback/longxia/daduile-2.png"
  },
  "d88e0615-2711-4781-bd7c-f9a24f537042": {
    "asset": 1497363523000,
    "meta": 1497363542000,
    "relativePath": "components/Feedback/longxia/gongxini.png"
  },
  "79f7959e-e7dc-4481-8215-f79167b3a191": {
    "asset": 1497363523000,
    "meta": 1497363542000,
    "relativePath": "components/Feedback/longxia/shijiandao-1.png"
  },
  "f72902fa-9c55-4fc4-b6b4-2c110c684773": {
    "asset": 1497363524000,
    "meta": 1497363542000,
    "relativePath": "components/Feedback/longxia/shijiandao-2.png"
  },
  "8341ad79-d4dc-4dc2-a920-c27efa2b5500": {
    "asset": 1497363523000,
    "meta": 1497363543000,
    "relativePath": "components/Feedback/longxia/shijiandao.png"
  },
  "71ad20eb-2df1-442b-a2eb-31c798700c17": {
    "asset": 1497363524000,
    "meta": 1497363543000,
    "relativePath": "components/Feedback/longxia/shijiandao-3.png"
  },
  "a26624c7-0b38-4d45-9cac-40eba5ac2148": {
    "asset": 1497363523000,
    "meta": 1497363543000,
    "relativePath": "components/Feedback/longxia/yaojiayou.png"
  },
  "a8b3e90e-1805-42ad-bb34-6031209549c5": {
    "asset": 1497363512000,
    "meta": 1497363543000,
    "relativePath": "components/Paopao/paopao.png"
  },
  "a351922d-3d85-4bd9-968d-36b796295d1d": {
    "asset": 1497363531000,
    "meta": 1497363543000,
    "relativePath": "components/Feedback/textures/zhezhao.png"
  },
  "c86dfd4e-f0c8-4402-b6cc-56c211ebb23f": {
    "asset": 1497363524000,
    "meta": 1497363544000,
    "relativePath": "textures/clock.png"
  },
  "d041358d-319c-4868-b493-3955e81bcc57": {
    "asset": 1497363524000,
    "meta": 1497363544000,
    "relativePath": "textures/fengling_left.png"
  },
  "8cedf92b-da08-47ac-a662-604edb4d64dd": {
    "asset": 1497363524000,
    "meta": 1497363544000,
    "relativePath": "textures/fengling_right.png"
  },
  "8c3dd9b3-3817-4a94-8492-94e004861ce1": {
    "asset": 1497363524000,
    "meta": 1497363544000,
    "relativePath": "textures/fish_left.png"
  },
  "695ac09a-f7a3-49a8-b225-41563195e0ae": {
    "asset": 1497363525000,
    "meta": 1497363544000,
    "relativePath": "textures/haidai_left.png"
  },
  "49256f85-ec67-4faa-ab83-ab793e766ab0": {
    "asset": 1497363525000,
    "meta": 1497363544000,
    "relativePath": "textures/haidai_right.png"
  },
  "477033a5-8c91-4e93-bae8-224a19bb1b79": {
    "asset": 1497363525000,
    "meta": 1497363544000,
    "relativePath": "components/Xingxing/tex/xingxing-1.png"
  },
  "5ff9793a-dafb-4e0b-bd4a-1ce9259873c7": {
    "asset": 1497363525000,
    "meta": 1497363544000,
    "relativePath": "components/Xingxing/tex/xingxing-2.png"
  },
  "e58cbcb0-e68d-4518-b8ba-d3a521addc07": {
    "asset": 1497363526000,
    "meta": 1497363544000,
    "relativePath": "components/Xingxing/tex/xingxing-3.png"
  },
  "7f0f5787-9277-4b40-89f8-14a0313fa89c": {
    "asset": 1497363526000,
    "meta": 1497363544000,
    "relativePath": "components/Xingxing/tex/xingxing-4.png"
  },
  "2fa08c40-6551-46c9-97ea-3d524a77e71d": {
    "asset": 1497363526000,
    "meta": 1497363544000,
    "relativePath": "components/Xingxing/tex/xingxing-5.png"
  },
  "33fb3afd-9cbe-44e1-a2f3-0627e66a959e": {
    "asset": 1497363526000,
    "meta": 1497363544000,
    "relativePath": "components/Xingxing/tex/xingxing-6.png"
  },
  "a8701081-adc4-4cf2-b578-0e8b417699cc": {
    "asset": 1497423477000,
    "meta": 1497448716000,
    "relativePath": "textures/bg.jpg"
  },
  "99596aa0-74f7-4572-9385-fe82d6f620f0": {
    "asset": 1500360789000,
    "meta": 1500360846000,
    "relativePath": "components/Xingxing"
  },
  "d20d5713-2c70-43fa-9b60-260139cc2ef4": {
    "asset": 1500360789000,
    "meta": 1500360846000,
    "relativePath": "components/Xingxing/tex"
  },
  "d71f7880-311a-456d-9935-a55524ed94fd": {
    "asset": 1497498017000,
    "meta": 1497498113000,
    "relativePath": "components/Feedback/ShowFeedback.js"
  },
  "ab13f097-f78d-4f6f-9427-2f770a1ec749": {
    "asset": 1497507041000,
    "meta": 1498030704000,
    "relativePath": "resources/answer_bg_1.png"
  },
  "adb68ab1-6ab3-4770-acec-704ab1deff4d": {
    "asset": 1497507041000,
    "meta": 1498030704000,
    "relativePath": "resources/answer_bg_2.png"
  },
  "8406222c-187a-4f5f-a92b-a57cccba8060": {
    "asset": 1497507041000,
    "meta": 1498030704000,
    "relativePath": "resources/answer_bg_3.png"
  },
  "f5a0048a-cc38-475c-b300-7b86676c7449": {
    "asset": 1497507041000,
    "meta": 1498030704000,
    "relativePath": "resources/answer_bg.png"
  },
  "558fbe73-31b6-47c1-9716-4570148540a3": {
    "asset": 1500360789000,
    "meta": 1500360846000,
    "relativePath": "components"
  },
  "d1ae1137-419f-4e28-8cfa-39229d8d7cbd": {
    "asset": 1499309313000,
    "meta": 1499324891000,
    "relativePath": "components/Options"
  },
  "781b722f-737d-47df-9752-239b6f043e27": {
    "asset": 1499309255000,
    "meta": 1499324891000,
    "relativePath": "components/DragOptions"
  },
  "a753474d-0224-4bfd-aeb9-0654190185d5": {
    "asset": 1499308426000,
    "meta": 1499309255000,
    "relativePath": "components/DragOptions/dragButton_num.prefab"
  },
  "94fb76c4-393b-4a16-8846-78675a5c745e": {
    "asset": 1497615544000,
    "meta": 1499309256000,
    "relativePath": "components/DragOptions/dragButton_bg.png"
  },
  "489e9394-6d08-461a-8054-07c57c473c27": {
    "asset": 1498111190000,
    "meta": 1499309313000,
    "relativePath": "components/Options/button_num.prefab"
  },
  "31ca1871-ff9a-4854-8990-75f0064f9076": {
    "asset": 1497615544000,
    "meta": 1499309314000,
    "relativePath": "components/Options/button_bg.png"
  },
  "cec4f065-189d-4dc3-9433-8ebd49ceb471": {
    "asset": 1498110930000,
    "meta": 1499309314000,
    "relativePath": "components/Options/OptionJS.js"
  },
  "fa5ad3f5-1476-4f0c-b44d-697fb58b4020": {
    "asset": 1499416469000,
    "meta": 1499416475000,
    "relativePath": "components/DragOptions/dragOptionJS.js"
  },
  "cf7e71e3-97ca-4102-934a-57368f5d1d1c": {
    "asset": 1500518135000,
    "meta": 1500518138000,
    "relativePath": "scripts/config.js"
  },
  "8feba05d-73a6-4d30-ae8d-9c77b752965b": {
    "asset": 1500521022000,
    "meta": 1500521039000,
    "relativePath": "scripts/NetworkJS_Data.js"
  },
  "b639d0db-fc3d-4ad5-a79b-247e144616f4": {
    "asset": 1500528830000,
    "meta": 1500528849000,
    "relativePath": "resources/answer_bg_4.png"
  },
  "bf6e2d9c-af6f-417c-803a-438dc9c04212": {
    "asset": 1500528928000,
    "meta": 1500529010000,
    "relativePath": "textures/wugui_kaixin.png"
  },
  "a76671fb-480d-487a-8ead-3378bc767ccd": {
    "asset": 1500528936000,
    "meta": 1500529020000,
    "relativePath": "textures/wugui_nanguo.png"
  },
  "16d873ea-d4cd-45d8-80f6-c769bc0c2d91": {
    "asset": 1500528942000,
    "meta": 1500529038000,
    "relativePath": "textures/wugui_zhengchang.png"
  },
  "526c897e-2af4-4a29-b399-8b008beed44a": {
    "asset": 1500528960000,
    "meta": 1500529051000,
    "relativePath": "textures/hongqiqiu.png"
  },
  "4789b297-df7d-47de-add6-8fd4421bc292": {
    "asset": 1500528964000,
    "meta": 1500529059000,
    "relativePath": "textures/huangqiqiu.png"
  },
  "91adc130-dfb0-4f0b-9c51-3e05735ebf8d": {
    "asset": 1500528980000,
    "meta": 1500528993000,
    "relativePath": "textures/wenhao.png"
  },
  "f8e6b000-5643-4b86-9080-aa680ce1f599": {
    "asset": 1495185610000,
    "meta": 1500545885000,
    "relativePath": "image"
  },
  "71561142-4c83-4933-afca-cb7a17f67053": {
    "asset": 1495185610000,
    "meta": 1500545885000,
    "relativePath": "image/default_btn_disabled.png"
  },
  "e851e89b-faa2-4484-bea6-5c01dd9f06e2": {
    "asset": 1495185610000,
    "meta": 1500545885000,
    "relativePath": "image/default_btn_normal.png"
  },
  "b43ff3c2-02bb-4874-81f7-f2dea6970f18": {
    "asset": 1495185610000,
    "meta": 1500545885000,
    "relativePath": "image/default_btn_pressed.png"
  },
  "d81ec8ad-247c-4e62-aa3c-d35c4193c7af": {
    "asset": 1495185610000,
    "meta": 1500545885000,
    "relativePath": "image/default_panel.png"
  },
  "99170b0b-d210-46f1-b213-7d9e3f23098a": {
    "asset": 1495185610000,
    "meta": 1500545885000,
    "relativePath": "image/default_progressbar_bg.png"
  },
  "cfef78f1-c8df-49b7-8ed0-4c953ace2621": {
    "asset": 1495185610000,
    "meta": 1500545885000,
    "relativePath": "image/default_progressbar.png"
  },
  "9d60001f-b5f4-4726-a629-2659e3ded0b8": {
    "asset": 1495185610000,
    "meta": 1500545885000,
    "relativePath": "image/default_radio_button_on.png"
  },
  "567dcd80-8bf4-4535-8a5a-313f1caf078a": {
    "asset": 1495185610000,
    "meta": 1500545885000,
    "relativePath": "image/default_radio_button_off.png"
  },
  "4bab67cb-18e6-4099-b840-355f0473f890": {
    "asset": 1495185610000,
    "meta": 1500545885000,
    "relativePath": "image/default_scrollbar_bg.png"
  },
  "617323dd-11f4-4dd3-8eec-0caf6b3b45b9": {
    "asset": 1495185610000,
    "meta": 1500545885000,
    "relativePath": "image/default_scrollbar_vertical_bg.png"
  },
  "d6d3ca85-4681-47c1-b5dd-d036a9d39ea2": {
    "asset": 1495185610000,
    "meta": 1500545885000,
    "relativePath": "image/default_scrollbar_vertical.png"
  },
  "0291c134-b3da-4098-b7b5-e397edbe947f": {
    "asset": 1495185610000,
    "meta": 1500545885000,
    "relativePath": "image/default_scrollbar.png"
  },
  "6e056173-d285-473c-b206-40a7fff5386e": {
    "asset": 1495185610000,
    "meta": 1500545885000,
    "relativePath": "image/default_sprite.png"
  },
  "73a0903d-d80e-4e3c-aa67-f999543c08f5": {
    "asset": 1495185610000,
    "meta": 1500545885000,
    "relativePath": "image/default_toggle_checkmark.png"
  },
  "0275e94c-56a7-410f-bd1a-fc7483f7d14a": {
    "asset": 1495185610000,
    "meta": 1500545885000,
    "relativePath": "image/default_sprite_splash.png"
  },
  "c25b9d50-c8fc-4d27-beeb-6e7c1f2e5c0f": {
    "asset": 1495185610000,
    "meta": 1500534460000,
    "relativePath": "image/default_toggle_disabled.png"
  },
  "d29077ba-1627-4a72-9579-7b56a235340c": {
    "asset": 1495185610000,
    "meta": 1500534460000,
    "relativePath": "image/default_toggle_normal.png"
  },
  "fc09f9bd-2cce-4605-b630-8145ef809ed6": {
    "asset": 1495185610000,
    "meta": 1500534460000,
    "relativePath": "misc"
  },
  "2be36297-9abb-4fee-8049-9ed5e271da8a": {
    "asset": 1495185610000,
    "meta": 1495185610000,
    "relativePath": "misc/default_video.mp4"
  },
  "f6e6dd15-71d1-4ffe-ace7-24fd39942c05": {
    "asset": 1495185610000,
    "meta": 1500534460000,
    "relativePath": "obsolete"
  },
  "b8223619-7e38-47c4-841f-9160c232495a": {
    "asset": 1495185610000,
    "meta": 1495185610000,
    "relativePath": "obsolete/atom.plist"
  },
  "f743d2b6-b7ea-4c14-a55b-547ed4d0a045": {
    "asset": 1495185610000,
    "meta": 1500534460000,
    "relativePath": "particle"
  },
  "b2687ac4-099e-403c-a192-ff477686f4f5": {
    "asset": 1495185610000,
    "meta": 1495185610000,
    "relativePath": "particle/atom.plist"
  },
  "ae6c6c98-11e4-452f-8758-75f5c6a56e83": {
    "asset": 1495185610000,
    "meta": 1500534460000,
    "relativePath": "prefab"
  },
  "972b9a4d-47ee-4c74-b5c3-61d8a69bc29f": {
    "asset": 1495185610000,
    "meta": 1500534460000,
    "relativePath": "prefab/button.prefab"
  },
  "2c937608-2562-40ea-b264-7395df6f0cea": {
    "asset": 1495185610000,
    "meta": 1500534460000,
    "relativePath": "prefab/canvas.prefab"
  },
  "61aeb05b-3b32-452b-8eed-2b76deeed554": {
    "asset": 1495185610000,
    "meta": 1500534460000,
    "relativePath": "prefab/editbox.prefab"
  },
  "b181c1e4-0a72-4a91-bfb0-ae6f36ca60bd": {
    "asset": 1495185610000,
    "meta": 1500534460000,
    "relativePath": "image/default_toggle_pressed.png"
  },
  "27756ebb-3d33-44b0-9b96-e858fadd4dd4": {
    "asset": 1495185610000,
    "meta": 1500534460000,
    "relativePath": "prefab/label.prefab"
  },
  "785a442c-3ceb-45be-a46e-7317f625f3b9": {
    "asset": 1495185610000,
    "meta": 1500534460000,
    "relativePath": "prefab/layout.prefab"
  },
  "cd33edea-55f5-46c2-958d-357a01384a36": {
    "asset": 1495185610000,
    "meta": 1500534460000,
    "relativePath": "prefab/particlesystem.prefab"
  },
  "ca8401fe-ad6e-41a8-bd46-8e3e4e9945be": {
    "asset": 1495185610000,
    "meta": 1500534460000,
    "relativePath": "prefab/pageview.prefab"
  },
  "5965ffac-69da-4b55-bcde-9225d0613c28": {
    "asset": 1495185610000,
    "meta": 1500534460000,
    "relativePath": "prefab/progressBar.prefab"
  },
  "4a37dd57-78cd-4cec-aad4-f11a73d12b63": {
    "asset": 1495185610000,
    "meta": 1500534460000,
    "relativePath": "prefab/richtext.prefab"
  },
  "0004d1cf-a0ad-47d8-ab17-34d3db9d35a3": {
    "asset": 1495185610000,
    "meta": 1500534460000,
    "relativePath": "prefab/slider.prefab"
  },
  "32044bd2-481f-4cf1-a656-e2b2fb1594eb": {
    "asset": 1495185610000,
    "meta": 1500534460000,
    "relativePath": "prefab/scrollview.prefab"
  },
  "1f55e3be-b89b-4b79-88de-47fd31018044": {
    "asset": 1495185610000,
    "meta": 1500534460000,
    "relativePath": "prefab/sprite_splash.prefab"
  },
  "96083d03-c332-4a3f-9386-d03e2d19e8ee": {
    "asset": 1495185610000,
    "meta": 1500534460000,
    "relativePath": "prefab/sprite.prefab"
  },
  "7de03a80-4457-438d-95a7-3e7cdffd6086": {
    "asset": 1495185610000,
    "meta": 1500534460000,
    "relativePath": "prefab/tiledmap.prefab"
  },
  "0d784963-d024-4ea6-a7db-03be0ad63010": {
    "asset": 1495185610000,
    "meta": 1500534460000,
    "relativePath": "prefab/toggle.prefab"
  },
  "bf0a434c-84dd-4a8e-a08a-7a36f180cc75": {
    "asset": 1495185610000,
    "meta": 1500534460000,
    "relativePath": "prefab/toggleGroup.prefab"
  },
  "232d2782-c4bd-4bb4-9e01-909f03d6d3b9": {
    "asset": 1495185610000,
    "meta": 1500534460000,
    "relativePath": "prefab/videoplayer.prefab"
  },
  "8c5001fd-07ee-4a4b-a8a0-63e15195e94d": {
    "asset": 1495185610000,
    "meta": 1500534460000,
    "relativePath": "prefab/webview.prefab"
  },
  "519ce308-3f50-4697-8c58-db4af3b4a325": {
    "asset": 1500534866000,
    "meta": 1500534866000,
    "relativePath": "prefabs/answer_bg_4.prefab"
  },
  "6e3023f3-901f-4f79-bc4f-93cad1076c9d": {
    "asset": 1500535968000,
    "meta": 1500535968000,
    "relativePath": "wugui_zhengchang.anim"
  },
  "c81d1cfb-52a8-485b-a5fb-7b6bd8c420fa": {
    "asset": 1500631347000,
    "meta": 1500631347000,
    "relativePath": "prefabs/wugui_node_z.prefab"
  },
  "c8d53599-f484-4c8b-8370-8934398ee342": {
    "asset": 1500537344000,
    "meta": 1500537344000,
    "relativePath": "wugui-run.anim"
  },
  "a4a75876-0878-4bcb-a4a3-b10f05b84b67": {
    "asset": 1500625816000,
    "meta": 1500625816000,
    "relativePath": "prefabs/wugui_node_n.prefab"
  },
  "cd804332-09f4-478b-804b-8b2f8eae4b61": {
    "asset": 1500538330000,
    "meta": 1500539069000,
    "relativePath": "scripts/NetworkJS.js"
  },
  "92708519-93f0-47b3-b082-a159b2cf0615": {
    "asset": 1500621805000,
    "meta": 1500621883000,
    "relativePath": "scripts/textJs.js"
  },
  "d92c8b11-a480-4c04-ab3f-4732c88d32cd": {
    "asset": 1500631340000,
    "meta": 1500631346000,
    "relativePath": "scripts/GameJS.js"
  }
}