{
  "item-states": [
    {
      "folded": false,
      "id": "mount-assets"
    },
    {
      "folded": false,
      "id": "54aaafb9-2a0c-48db-aa25-ef3a81f8befb"
    },
    {
      "folded": true,
      "id": "aac537d9-ab9e-48ec-ac02-c0cc4abf54bf"
    },
    {
      "folded": true,
      "id": "5f2e94ee-4b52-4210-8206-f792d547c69c"
    },
    {
      "folded": false,
      "id": "cd1ec6e0-e5e2-4d93-8f63-fc785bfcb7e4"
    },
    {
      "folded": true,
      "id": "558fbe73-31b6-47c1-9716-4570148540a3"
    },
    {
      "folded": true,
      "id": "a8701081-adc4-4cf2-b578-0e8b417699cc"
    },
    {
      "folded": true,
      "id": "79b81814-f775-459c-9634-65b5174b47c8"
    },
    {
      "folded": true,
      "id": "d1ae1137-419f-4e28-8cfa-39229d8d7cbd"
    },
    {
      "folded": true,
      "id": "c86dfd4e-f0c8-4402-b6cc-56c211ebb23f"
    },
    {
      "folded": true,
      "id": "e82e7e36-e842-4b9e-a020-8b5d43b89dcb"
    },
    {
      "folded": true,
      "id": "91adc130-dfb0-4f0b-9c51-3e05735ebf8d"
    },
    {
      "folded": true,
      "id": "99596aa0-74f7-4572-9385-fe82d6f620f0"
    },
    {
      "folded": true,
      "id": "781b722f-737d-47df-9752-239b6f043e27"
    },
    {
      "folded": true,
      "id": "8c3dd9b3-3817-4a94-8492-94e004861ce1"
    },
    {
      "folded": true,
      "id": "526c897e-2af4-4a29-b399-8b008beed44a"
    },
    {
      "folded": true,
      "id": "d20d5713-2c70-43fa-9b60-260139cc2ef4"
    },
    {
      "folded": true,
      "id": "4789b297-df7d-47de-add6-8fd4421bc292"
    },
    {
      "folded": true,
      "id": "f5a0048a-cc38-475c-b300-7b86676c7449"
    },
    {
      "folded": true,
      "id": "695ac09a-f7a3-49a8-b225-41563195e0ae"
    },
    {
      "folded": true,
      "id": "ab13f097-f78d-4f6f-9427-2f770a1ec749"
    },
    {
      "folded": true,
      "id": "4603f29a-0943-4a68-9dcb-6d5598e71034"
    },
    {
      "folded": true,
      "id": "a76671fb-480d-487a-8ead-3378bc767ccd"
    },
    {
      "folded": true,
      "id": "bf6e2d9c-af6f-417c-803a-438dc9c04212"
    },
    {
      "folded": true,
      "id": "b639d0db-fc3d-4ad5-a79b-247e144616f4"
    },
    {
      "folded": true,
      "id": "adb68ab1-6ab3-4770-acec-704ab1deff4d"
    },
    {
      "folded": true,
      "id": "49256f85-ec67-4faa-ab83-ab793e766ab0"
    },
    {
      "folded": true,
      "id": "8406222c-187a-4f5f-a92b-a57cccba8060"
    },
    {
      "folded": true,
      "id": "d041358d-319c-4868-b493-3955e81bcc57"
    },
    {
      "folded": true,
      "id": "8cedf92b-da08-47ac-a662-604edb4d64dd"
    },
    {
      "folded": true,
      "id": "38612095-c73f-4eab-a313-d4d586f12e98"
    },
    {
      "folded": true,
      "id": "a8b3e90e-1805-42ad-bb34-6031209549c5"
    },
    {
      "folded": true,
      "id": "1cc9d29e-5be4-444b-a55d-9aefc743d756"
    },
    {
      "folded": true,
      "id": "33f409e4-0195-49da-ab43-9676438fe0c9"
    },
    {
      "folded": false,
      "id": "16d873ea-d4cd-45d8-80f6-c769bc0c2d91"
    },
    {
      "folded": true,
      "id": "31ca1871-ff9a-4854-8990-75f0064f9076"
    },
    {
      "folded": true,
      "id": "2fa08c40-6551-46c9-97ea-3d524a77e71d"
    },
    {
      "folded": true,
      "id": "7f0f5787-9277-4b40-89f8-14a0313fa89c"
    },
    {
      "folded": true,
      "id": "33fb3afd-9cbe-44e1-a2f3-0627e66a959e"
    },
    {
      "folded": true,
      "id": "5ff9793a-dafb-4e0b-bd4a-1ce9259873c7"
    },
    {
      "folded": true,
      "id": "477033a5-8c91-4e93-bae8-224a19bb1b79"
    },
    {
      "folded": true,
      "id": "e58cbcb0-e68d-4518-b8ba-d3a521addc07"
    },
    {
      "folded": true,
      "id": "94fb76c4-393b-4a16-8846-78675a5c745e"
    },
    {
      "folded": true,
      "id": "d88e0615-2711-4781-bd7c-f9a24f537042"
    },
    {
      "folded": true,
      "id": "a351922d-3d85-4bd9-968d-36b796295d1d"
    },
    {
      "folded": true,
      "id": "c6151d1a-c146-4639-9068-6ab516dcd214"
    },
    {
      "folded": true,
      "id": "0eefa5d1-5928-40a4-8e89-077c23088567"
    },
    {
      "folded": true,
      "id": "87c6fa61-a481-4b0f-9083-de14cdc6a96b"
    },
    {
      "folded": true,
      "id": "9faeba47-b295-4806-8120-badc591081f0"
    },
    {
      "folded": true,
      "id": "a26624c7-0b38-4d45-9cac-40eba5ac2148"
    },
    {
      "folded": true,
      "id": "8341ad79-d4dc-4dc2-a920-c27efa2b5500"
    },
    {
      "folded": true,
      "id": "29937a32-6193-40e7-9ab4-fbe5e0a2e0c6"
    },
    {
      "folded": true,
      "id": "ec6c41b3-d988-49c1-a8c3-5e5e9ec1e92b"
    },
    {
      "folded": true,
      "id": "19ece0d1-86e3-4ddf-857c-fd1aa32e00e5"
    },
    {
      "folded": true,
      "id": "8a7f76cf-1399-419b-aa20-66a480808567"
    },
    {
      "folded": true,
      "id": "c760c5d4-940d-4a8f-a0ad-0f5630387ae2"
    },
    {
      "folded": true,
      "id": "869fe65b-8f47-42ba-bce6-f5c993787f4e"
    },
    {
      "folded": true,
      "id": "f72902fa-9c55-4fc4-b6b4-2c110c684773"
    },
    {
      "folded": true,
      "id": "79f7959e-e7dc-4481-8215-f79167b3a191"
    },
    {
      "folded": true,
      "id": "71ad20eb-2df1-442b-a2eb-31c798700c17"
    }
  ]
}