{
  "version": "1.1.1",
  "windows": {
    "main": {
      "main": true,
      "url": "app://editor/index.html",
      "windowType": "dockable",
      "x": 1232,
      "y": 36,
      "width": 1229,
      "height": 1151,
      "layout": {
        "children": [
          {
            "children": [
              {
                "active": 0,
                "children": [
                  "hierarchy"
                ],
                "height": 508,
                "type": "panel",
                "width": 515
              },
              {
                "active": 0,
                "children": [
                  "assets"
                ],
                "height": 549,
                "type": "panel",
                "width": 515
              }
            ],
            "height": 1060,
            "type": "dock-v",
            "width": 515
          },
          {
            "children": [
              {
                "active": 0,
                "children": [
                  "scene"
                ],
                "height": 724,
                "type": "panel",
                "width": 930.984375
              },
              {
                "active": 1,
                "children": [
                  "console",
                  "timeline"
                ],
                "height": 333,
                "type": "panel",
                "width": 930.984375
              }
            ],
            "height": 1060,
            "type": "dock-v",
            "width": 930.984375
          },
          {
            "active": 0,
            "children": [
              "inspector"
            ],
            "height": 1060,
            "type": "panel",
            "width": 407
          }
        ],
        "type": "dock-h"
      },
      "panels": [
        "console",
        "inspector",
        "hierarchy",
        "assets",
        "scene",
        "timeline"
      ]
    },
    "worker": {}
  },
  "panels": {
    "project-settings": {
      "x": 415,
      "y": 177,
      "width": 584,
      "height": 548
    },
    "sprite-editor": {
      "x": 445,
      "y": 177,
      "width": 500,
      "height": 522
    },
    "package-asset.import": {
      "x": 470,
      "y": 172,
      "width": 454,
      "height": 558
    },
    "node-library": {
      "x": 1064,
      "y": 191,
      "width": 300,
      "height": 502
    },
    "builder": {
      "x": 489,
      "y": 123,
      "width": 500,
      "height": 722
    },
    "package-asset.export": {
      "x": 495,
      "y": 187,
      "width": 404,
      "height": 528
    },
    "preferences": {
      "x": 111,
      "y": 30,
      "width": 564,
      "height": 548
    }
  }
}