{
  "__type__": "cc.AnimationClip",
  "_name": "wugui-run",
  "_objFlags": 0,
  "_rawFiles": null,
  "_duration": 1,
  "sample": 2,
  "speed": 1,
  "wrapMode": 1,
  "curveData": {
    "comps": {
      "cc.Sprite": {
        "spriteFrame": [
          {
            "frame": 0,
            "value": {
              "__uuid__": "71e9a934-8b9b-400c-8656-d2b8eacee575"
            }
          },
          {
            "frame": 0.5,
            "value": {
              "__uuid__": "5c7c36a0-e297-466c-96e8-250f90061162"
            }
          }
        ]
      }
    }
  },
  "events": []
}