{
  "appKey": "",
  "appSecret": "",
  "excludeScenes": [],
  "includeAnySDK": false,
  "includeSdk": [
    "anysdk"
  ],
  "inlineSpriteFrames": true,
  "mergeStartScene": false,
  "oauthLoginServer": "",
  "orientation": {
    "landscapeLeft": true,
    "landscapeRight": true,
    "portrait": false,
    "upsideDown": false
  },
  "packageName": "org.cocos2d.ZhuoXiaoYu",
  "privateKey": "",
  "renderMode": "0",
  "startScene": "c0e4e3a0-b011-41b6-82d6-c31f202631fe",
  "title": "ZhuoXiaoYu",
  "webOrientation": "auto"
}