{
  "__type__": "cc.AnimationClip",
  "_name": "Feedback_2",
  "_objFlags": 0,
  "_rawFiles": null,
  "_duration": 0.3333333333333333,
  "sample": 9,
  "speed": 1,
  "wrapMode": 2,
  "curveData": {
    "comps": {
      "cc.Sprite": {
        "spriteFrame": [
          {
            "frame": 0,
            "value": {
              "__uuid__": "60f5ad8b-ff76-4635-bb1f-0cbf643db05c"
            }
          },
          {
            "frame": 0.1111111111111111,
            "value": {
              "__uuid__": "df1a2e3f-f08e-4205-b0f3-794cfb8af84c"
            }
          },
          {
            "frame": 0.2222222222222222,
            "value": {
              "__uuid__": "e099e690-420e-441e-be7f-e92ed2f8c6ef"
            }
          }
        ]
      }
    }
  },
  "events": []
}